Category,Point_Number,Content
Summary,,"'Peripeteia' receives very positive reviews, praised for its unique, immersive, and atmospheric gameplay, drawing comparisons to classic immersive sims with a distinctive post-Soviet cyberpunk setting. However, many reviewers note significant bugs, jank, and performance issues, particularly concerning level design and enemy AI."
Positives,1,Unique and immersive atmosphere praised by many players.
Positives,2,Interesting and well-developed world-building.
Positives,3,Engaging gameplay loop with multiple approaches to objectives.
Positives,4,"Excellent and fitting soundtrack, including Sewerslvt tracks."
Positives,5,Rewarding exploration with secrets and alternative routes.
Positives,6,"Great art style and visuals, despite low-poly graphics."
Positives,7,Strong sense of player freedom and choice.
Positives,8,Compelling characters and writing.
Positives,9,Satisfying gunplay and combat mechanics.
Positives,10,Excellent and moody level design despite some flaws.
Positives,11,Good variety of weapons and augmentations.
Positives,12,Interesting and innovative inventory management system.
Positives,13,Climbing/parkour mechanics add to exploration and movement.
Positives,14,Good representation of post-soviet eastern europe
Positives,15,High replayability due to branching paths and secrets.
Positives,16,There is a demo for players to try before buying.
Positives,17,Welcoming to those interested in transhumanism.
Negatives,1,Frequent bugs and glitches reported.
Negatives,2,Jankiness and lack of polish.
Negatives,3,Performance issues and optimization problems.
Negatives,4,Unintuitive level design and navigation can be confusing.
Negatives,5,Enemy AI is often simplistic and buggy.
Negatives,6,Lack of meaningful rewards for exploration in some areas.
Negatives,7,Loss of inventory between levels is frustrating.
Negatives,8,"Some areas are too dark, requiring constant night vision use."
Negatives,9,Inconsistent stealth mechanics.
Negatives,10,Inconsistent volume and audio bugs are found.
Negatives,11,Belgrade level is often mentioned negatively.
Negatives,12,Game hard to run or play for extended periods.
Gameplay,1,"Stealth, combat, and exploration are key elements."
Gameplay,2,Multiple approaches to objectives offer player choice.
Gameplay,3,Inventory management adds a strategic layer.
Gameplay,4,Augmentations provide special abilities.
Gameplay,5,Combat is often challenging but rewarding.
Gameplay,6,Open-ended levels encourage experimentation.
Gameplay,7,No quest markers and vague directions
Gameplay,8,Climbing mechanics and ledge grabbing adds to the gameplay.
Performance,1,Frequent reports of performance issues and low FPS.
Performance,2,Optimization is needed to improve stability.
Performance,3,Bugs and glitches can impact gameplay experience.
Performance,4,Poor Enemy AI can lead to them getting stuck.
Performance,5,Audio bugs and inconsistencies.
Performance,6,Game may unexpectedly crash at points.
Recommendations,1,Play the demo before purchasing to assess personal enjoyment.
Recommendations,2,Be prepared for jank and bugs.
Recommendations,3,Save frequently to avoid losing progress.
Recommendations,4,Explore thoroughly and experiment with different approaches.
Recommendations,5,Keep an open mind and appreciate the unique atmosphere.
Miscellaneous,1,"Strong comparisons to Deus Ex, EYE Divine Cybermancy, and Stalker."
Miscellaneous,2,Frequent mentions of Sewerslvt in the soundtrack.
Miscellaneous,3,"Some players identify with the main character, Marie."
Miscellaneous,4,Setting in a dystopian alternate universe Eastern Europe.
Miscellaneous,5,Game is in early access with planned updates.
